<?xml version="1.0"?>
<doc>
    <assembly>
        <name>CityInfo.API</name>
    </assembly>
    <members>
        <member name="M:CityInfo.API.Controllers.CitiesController.GetCityAsync(System.Int32,System.Boolean)">
            <summary>
            Get a city by id
            </summary>
            <param name="id">The id of the city to get</param>
            <param name="includePointsOfInterest">Whether or not to include the points of interest</param>
            <returns>A city with or without points of interest</returns>
            <response code="200">Returns the requested city</response>
            <response code="404"></response>
            <response code="400"></response>
        </member>
        <member name="T:CityInfo.API.Migrations.CityInfoDBInitialMigration">
            <inheritdoc />
        </member>
        <member name="M:CityInfo.API.Migrations.CityInfoDBInitialMigration.Up(Microsoft.EntityFrameworkCore.Migrations.MigrationBuilder)">
            <inheritdoc />
        </member>
        <member name="M:CityInfo.API.Migrations.CityInfoDBInitialMigration.Down(Microsoft.EntityFrameworkCore.Migrations.MigrationBuilder)">
            <inheritdoc />
        </member>
        <member name="M:CityInfo.API.Migrations.CityInfoDBInitialMigration.BuildTargetModel(Microsoft.EntityFrameworkCore.ModelBuilder)">
            <inheritdoc />
        </member>
        <member name="T:CityInfo.API.Migrations.CityInfoDBAddPOIDescription">
            <inheritdoc />
        </member>
        <member name="M:CityInfo.API.Migrations.CityInfoDBAddPOIDescription.Up(Microsoft.EntityFrameworkCore.Migrations.MigrationBuilder)">
            <inheritdoc />
        </member>
        <member name="M:CityInfo.API.Migrations.CityInfoDBAddPOIDescription.Down(Microsoft.EntityFrameworkCore.Migrations.MigrationBuilder)">
            <inheritdoc />
        </member>
        <member name="M:CityInfo.API.Migrations.CityInfoDBAddPOIDescription.BuildTargetModel(Microsoft.EntityFrameworkCore.ModelBuilder)">
            <inheritdoc />
        </member>
        <member name="T:CityInfo.API.Migrations.InitialDataSeed">
            <inheritdoc />
        </member>
        <member name="M:CityInfo.API.Migrations.InitialDataSeed.Up(Microsoft.EntityFrameworkCore.Migrations.MigrationBuilder)">
            <inheritdoc />
        </member>
        <member name="M:CityInfo.API.Migrations.InitialDataSeed.Down(Microsoft.EntityFrameworkCore.Migrations.MigrationBuilder)">
            <inheritdoc />
        </member>
        <member name="M:CityInfo.API.Migrations.InitialDataSeed.BuildTargetModel(Microsoft.EntityFrameworkCore.ModelBuilder)">
            <inheritdoc />
        </member>
        <member name="T:CityInfo.API.Models.CityWithoutPointsOfInterestDto">
            <summary>
            A city without points of interest
            </summary>
        </member>
        <member name="P:CityInfo.API.Models.CityWithoutPointsOfInterestDto.Id">
            <summary>
            The id of the city
            </summary>
        </member>
        <member name="P:CityInfo.API.Models.CityWithoutPointsOfInterestDto.Name">
            <summary>
            The name of the city
            </summary>
        </member>
        <member name="P:CityInfo.API.Models.CityWithoutPointsOfInterestDto.Description">
            <summary>
            The description of the city
            </summary>
        </member>
    </members>
</doc>
